Index,Name,Birthrate/1000 inh,Beds in hospitals (JD)_hospital,20-40 year olds,40-65 year olds,65 year and older,Total_workingAge,Total Unemployed_unemployed,Population density (inh/km2),Kaufsumme - Total (Tsd. EUR)_worthArea,Hospitals_hospital,Avg life exp men,Avg life exp women,Differences in life exp,Spendable Income
1001,Flensburg,9.97184147448279,863.0,25778,22917,17576,27702.0,4870.0,1514.6633768064858,3097,2.0,78.76,81.22,2.4599999999999937,18956
1002,Kiel,10.11749612270915,2265.0,82132,65263,45214,81444.0,13022.0,2075.9039190897597,7645,8.0,79.86,82.03,2.1700000000000017,18330
1003,Lübeck,8.725890507877347,1720.0,54999,61699,49952,71336.0,10858.0,1009.5373698706876,13773,6.0,79.1,82.17,3.0700000000000074,18927
1004,Neumünster,7.942220033587131,678.0,18651,22955,17730,26311.0,4201.0,1105.640094932291,2898,3.0,78.83,79.95,1.1200000000000045,18135
1051,Dithmarschen,7.222552419931235,703.0,26868,40066,31955,43459.0,4890.0,93.07065883357957,4860,1.0,78.91,81.44,2.530000000000001,20490
1053,Herzogtum Lauenburg,8.279835646816823,602.0,40161,61130,42646,68675.0,5924.0,152.81239607911448,24869,5.0,79.54,82.23,2.6899999999999977,22784
1054,Nordfriesland,7.629909734081483,729.0,34641,49526,38422,57011.0,5394.0,78.72057460834162,24510,6.0,79.95,82.2,2.25,22861
1055,Ostholstein,6.594045316524197,1788.0,36906,61351,53468,67496.0,6225.0,143.3113838243848,18095,14.0,79.95,83.22,3.269999999999996,21694
1056,Pinneberg,8.739035551320287,974.0,66708,96579,68016,115992.0,8677.0,462.88445615355664,32264,3.0,79.89,82.49,2.5999999999999943,23766
1057,Plön,7.287379972565158,225.0,23199,40317,32487,42716.0,3573.0,118.45013340226552,4365,3.0,79.86,82.57,2.7099999999999937,21610
1058,Rendsburg-Eckernförde,7.8001908439296095,1090.0,52358,85512,61899,91295.0,7215.0,123.50821094945526,15584,4.0,79.47,82.18,2.710000000000008,22093
1059,Schleswig-Flensburg,7.854134597310493,666.0,39091,60650,45767,62773.0,6889.0,95.03024626689133,12087,3.0,78.92,81.72,2.799999999999997,20830
1060,Segeberg,8.257851313817042,1698.0,57772,84656,57881,101151.0,6912.0,198.9742712416599,24219,7.0,79.44,82.09,2.6500000000000057,22109
1061,Steinburg,7.546193812425356,633.0,26755,42230,29337,46407.0,4454.0,124.46811532452776,10590,1.0,79.29,81.01,1.7199999999999989,20869
1062,Stormarn,8.684801388900482,1143.0,48384,75666,54522,87636.0,4748.0,312.69362773884563,70153,5.0,79.32,82.72,3.4000000000000057,24700
2000,Hamburg,,,534348,506646,334409,,,2366.7381690103543,,,79.54,82.85,3.309999999999988,23596
3101,Braunschweig,9.579732976878153,2004.0,76150,68220,52158,94264.0,8829.0,1307.9612862940992,25238,7.0,80.24,82.17,1.9300000000000068,19803
3102,Salzgitter,8.547769566378772,463.0,22730,29040,23588,35367.0,4781.0,451.4067524115756,7987,2.0,78.52,81.1,2.5799999999999983,19320
3103,Wolfsburg,10.157604095288,575.0,32945,34438,27538,49274.0,3111.0,607.7955803812043,44511,1.0,79.66,83.07,3.4099999999999966,21176
3151,Gifhorn,8.954966849401567,456.0,38482,55800,33301,68443.0,4354.0,111.46551834457341,42413,2.0,79.27,83.07,3.799999999999997,20751
3152,Göttingen,8.257286243462818,3147.0,71065,71416,51536,87670.0,7896.0,228.79478069429652,24556,9.0,79.92,82.65,2.730000000000004,19444
3153,Goslar,6.77826325993229,1103.0,28791,40835,37207,44837.0,5354.0,143.2067047208611,5375,6.0,79.49,81.52,2.030000000000001,19706
3154,Helmstedt,7.836065573770493,773.0,19437,28658,21234,34125.0,3385.0,135.75063424476656,23464,2.0,79.27,81.26,1.990000000000009,21005
3155,Northeim,7.287095243743328,447.0,26454,41912,33147,48518.0,4692.0,106.46210184045206,7124,3.0,79.19,81.53,2.3400000000000034,20473
3156,Osterode am Harz,6.848480747106991,428.0,13092,22548,20579,25103.0,2342.0,116.16773057451024,1316,4.0,78.99,81.46,2.469999999999999,20428
3157,Peine,7.889963724304715,312.0,27460,42180,28048,48920.0,3770.0,247.3409723909752,33060,1.0,79.51,81.62,2.1099999999999994,20021
3158,Wolfenbüttel,7.083756953571222,296.0,24779,38358,27878,42869.0,3494.0,167.4338463241807,20060,1.0,79.73,82.28,2.549999999999997,20293
3241,Region Hannover,9.242617396007446,7064.0,292914,334886,239503,410085.0,47434.0,499.58574509136304,187929,26.0,80.07,83.03,2.960000000000008,20135
3251,Diepholz,7.673757804613601,483.0,44609,68276,46707,80716.0,5132.0,107.62622350538695,40928,4.0,80.11,82.55,2.4399999999999977,21588
3252,Hameln-Pyrmont,7.526250834564104,1109.0,29854,44969,37110,52418.0,5612.0,186.24756641336432,6928,8.0,79.9,82.46,2.559999999999988,20565
3254,Hildesheim,7.8973489018425935,1834.0,61526,84156,63529,97527.0,10152.0,229.72479954893328,32409,7.0,79.53,82.2,2.6700000000000017,19957
3255,Holzminden,6.921670690352921,211.0,14617,21255,18232,24137.0,2652.0,103.45629105608894,4271,2.0,79.67,80.61,0.9399999999999977,20236
3256,Nienburg (Weser),8.040984150142581,317.0,25358,37948,26057,44629.0,3717.0,86.22915430638255,10994,2.0,79.6,82.41,2.8100000000000023,19941
3257,Schaumburg,7.317260540568224,642.0,30943,49013,37789,54286.0,5238.0,231.22104297112065,16065,5.0,79.08,82.27,3.1899999999999977,20598
3351,Celle,8.4676716993218,648.0,38349,52651,40448,61241.0,6583.0,115.17593077963512,16877,1.0,79.3,81.64,2.3400000000000034,19482
3352,Cuxhaven,7.410286568098413,702.0,38612,60466,48247,67534.0,6104.0,96.27025240793475,30611,4.0,80.27,83.28,3.010000000000005,20518
3353,Harburg,8.705394926689289,747.0,51084,79432,54389,93036.0,5800.0,199.28997694834663,107943,5.0,78.14,80.2,2.0600000000000023,24050
3354,Lüchow-Dannenberg,6.5033514203638685,110.0,9662,14810,13122,14691.0,1890.0,41.06328077001843,1614,1.0,79.16,82.02,2.8599999999999994,19035
3355,Lüneburg,8.53811718745677,856.0,43880,55477,35041,63567.0,5676.0,136.52771062492445,49457,4.0,78.73,81.86,3.1299999999999955,19433
3356,Osterholz,7.642257811743368,212.0,22388,36511,25545,41152.0,2420.0,174.51944499930858,20289,2.0,79.53,82.97,3.4399999999999977,21268
3357,Rotenburg (Wümme),8.054982144279126,988.0,36038,50869,33117,61467.0,3823.0,78.84904247868822,27701,4.0,79.11,82.15,3.0400000000000063,20557
3358,Heidekreis,8.220213312040153,492.0,31197,42323,30444,49553.0,4465.0,74.8585701172,23906,6.0,79.01,81.05,2.039999999999992,19673
3359,Stade,8.80762194207564,911.0,45397,61178,41341,74542.0,6292.0,158.01804078924505,51790,4.0,79.02,81.59,2.5700000000000074,21358
3360,Uelzen,6.914990712007817,804.0,18574,28826,22821,31244.0,2911.0,64.04189187330665,5160,7.0,79.04,81.7,2.6599999999999966,19669
3361,Verden,9.112852315347766,262.0,28497,41529,28974,50332.0,3763.0,170.87579476376004,46691,2.0,78.66,80.65,1.990000000000009,22648
3401,Delmenhorst,9.368080395162664,476.0,17999,22550,16755,25760.0,4276.0,1223.9095574085952,9412,2.0,80.07,82.07,2.0,18634
3402,Emden,8.659801948948592,350.0,13415,14121,10484,17070.0,2130.0,451.1747953008188,5423,1.0,80.89,83.33,2.4399999999999977,18048
3403,Oldenburg (Oldenburg),9.229078923274125,1682.0,47950,46645,30866,57589.0,7113.0,1590.7369647538596,61462,3.0,79.55,80.78,1.230000000000004,18949
3404,Osnabrück,9.223967537545489,1984.0,51678,43416,30612,57657.0,6989.0,1355.617696160267,20605,6.0,80.15,82.59,2.4399999999999977,20137
3405,Wilhelmshaven,7.816303704191065,663.0,18298,20836,20014,23710.0,4654.0,710.8315405481246,14137,3.0,80.17,81.83,1.6599999999999966,17493
3451,Ammerland,8.292502161650265,811.0,24975,37508,27048,44169.0,2722.0,166.71929487355501,23985,3.0,80.02,81.91,1.8900000000000006,20845
3452,Aurich,8.086723502766928,691.0,39915,57930,41501,64281.0,7023.0,146.97236873791084,35230,3.0,80.26,82.58,2.319999999999993,18529
3453,Cloppenburg,10.580693724428473,495.0,41557,48990,26253,60470.0,4769.0,116.13662800944692,51264,3.0,79.9,81.89,1.9899999999999949,19037
3454,Emsland,9.042593149038462,1739.0,78119,96671,58133,114570.0,5555.0,110.85365726717255,59655,7.0,79.84,82.53,2.6899999999999977,19189
3455,Friesland,7.8243105209397354,454.0,18521,29948,24755,33230.0,2696.0,161.04357552927243,21270,2.0,79.8,81.44,1.6400000000000006,19329
3456,Grafschaft Bentheim,8.97819581017529,599.0,30423,41187,26857,46974.0,2878.0,138.3078287642603,24359,4.0,79.66,82.02,2.3599999999999994,18335
3457,Leer,8.320003819800894,700.0,37828,50823,34580,55065.0,5237.0,154.2785057227834,26868,4.0,79.72,82.44,2.719999999999999,17524
3458,Oldenburg,7.5656257775566065,238.0,26687,41878,26281,48789.0,2952.0,120.96768125211632,32823,3.0,80.7,82.41,1.7099999999999937,21272
3459,Osnabrück,8.671270864809161,1676.0,80300,110231,70526,138268.0,7264.0,168.77542267030537,70267,12.0,79.64,80.55,0.9099999999999966,21040
3460,Vechta,9.886411442995373,900.0,36386,41117,21414,56702.0,3169.0,169.6540861154523,45308,5.0,79.15,81.27,2.1199999999999903,21202
3461,Wesermarsch,6.970046728448324,218.0,18281,27753,20256,31601.0,3407.0,108.56193963577086,10774,2.0,,,,20143
3462,Wittmund,8.08073741101569,164.0,11576,17147,13397,18999.0,1927.0,87.06901803118909,8427,1.0,79.69,82.62,2.930000000000007,19062
4011,Bremen,9.591650761304766,4065.0,152010,157360,118054,185707.0,28597.0,1709.0686124225888,...,10.0,78.37,80.61,2.239999999999995,20582
4012,Bremerhaven,10.190747643060734,1072.0,28442,31659,24435,36309.0,8758.0,1217.4354046551357,...,3.0,79.34,82.18,2.8400000000000034,17404
5111,Düsseldorf,10.655397613112527,5129.0,176212,177345,119520,217695.0,27298.0,2815.776643208684,18659,14.0,79.49,80.88,1.3900000000000006,24128
5112,Duisburg,9.303158799017163,4522.0,123590,143908,101668,155828.0,32605.0,2110.098797250859,3868,8.0,79.33,81.4,2.0700000000000074,16761
5113,Essen,9.64258252320536,5629.0,153247,165999,125539,185035.0,35272.0,2769.91537510697,39397,13.0,79.26,81.76,2.5,20046
5114,Krefeld,8.785488398536048,2015.0,52552,67948,49314,75323.0,12825.0,1634.2019307541555,8376,4.0,78.94,80.99,2.049999999999997,20944
5116,Mönchengladbach,9.042446806873953,2174.0,64406,77600,53678,85849.0,14426.0,1525.1715844430105,2652,5.0,79.83,81.82,1.9899999999999949,20705
5117,Mülheim an der Ruhr,8.347215822493178,900.0,37704,50956,40209,55486.0,6817.0,1854.4916739702016,3884,2.0,78.85,80.9,2.0500000000000114,22867
5119,Oberhausen,8.377027885499729,1460.0,50748,63393,45195,69552.0,12708.0,2736.20443637307,7975,4.0,79.21,81.81,2.6000000000000085,17956
5120,Remscheid,8.401903213727978,1047.0,24370,33691,24404,38999.0,4957.0,1469.3907675791734,2295,3.0,79.68,81.67,1.9899999999999949,22174
5122,Solingen,9.280143139750262,1145.0,36655,48550,34044,56912.0,7602.0,1772.682599955327,10226,4.0,79.39,81.51,2.1200000000000045,23169
5124,Wuppertal,9.410191803362988,2070.0,87935,102458,74111,115057.0,17253.0,2078.7814003206845,4675,3.0,79.1,81.72,2.6200000000000045,20746
5154,Kleve,8.294209198387561,1795.0,72513,96287,61297,102305.0,10494.0,251.69466094615527,23396,7.0,79.97,82.7,2.730000000000004,19649
5158,Mettmann,8.33679924019045,2379.0,99696,149853,113862,174146.0,17174.0,1186.776189774569,8378,11.0,80.08,82.8,2.719999999999999,24519
5162,Rhein-Kreis Neuss,8.581726389141961,2058.0,98673,140231,96059,160649.0,14306.0,780.5904391868453,16247,7.0,79.16,81.94,2.780000000000001,23689
5166,Viersen,7.773944184827706,1428.0,62741,96458,63490,104571.0,11024.0,528.4423377361171,36924,7.0,79.52,82.59,3.0700000000000074,21988
5170,Wesel,7.6686320958622245,2510.0,100205,144702,102485,157876.0,18007.0,443.67472190257,16937,7.0,80.94,84.25,3.3100000000000023,20936
5314,Bonn,10.611369189702925,4116.0,94380,88106,57629,106404.0,11986.0,2260.0949950375725,11591,9.0,79.08,82.43,3.3500000000000085,23005
5315,Köln,10.918533409015051,7311.0,328863,303669,185923,373960.0,52653.0,2618.5916744852107,13709,22.0,80.28,83.13,2.8499999999999943,20799
5316,Leverkusen,9.627676818340296,1095.0,38215,49478,35356,58007.0,7362.0,2072.8667427412197,4092,2.0,79.38,82.3,2.9200000000000017,20121
5334,Städteregion Aachen,8.744913543784143,4026.0,155013,155355,109691,181843.0,24649.0,783.5377325129075,9201,10.0,79.35,82.22,2.8700000000000045,19652
5358,Düren,8.38951709863485,1822.0,60264,80723,53842,90312.0,10393.0,279.19734004695283,11014,7.0,79.06,82.16,3.0999999999999943,20228
5362,Rhein-Erft-Kreis,8.869469439009807,1394.0,105500,144527,96931,165104.0,18307.0,662.1972158760341,40464,8.0,79.64,81.93,2.2900000000000063,21542
5366,Euskirchen,8.097716632228703,1094.0,41352,60424,39492,66421.0,6088.0,153.08753693752854,14466,4.0,79.32,82.19,2.8700000000000045,20629
5370,Heinsberg,8.248622919529398,995.0,56586,79595,50373,83847.0,8569.0,402.1194605009634,13713,5.0,80.2,83.37,3.1700000000000017,18979
5374,Oberbergischer Kreis,8.732794055263813,1571.0,61227,83430,56586,100845.0,8065.0,297.6056767228244,8210,4.0,80.08,83.55,3.469999999999999,22192
5378,Rheinisch-Bergischer Kreis,8.004131164471985,1172.0,56483,90112,64475,98559.0,9172.0,646.5037043812312,8269,5.0,78.84,80.88,2.039999999999992,24567
5382,Rhein-Sieg-Kreis,8.818995895762086,1518.0,131431,185203,122723,207041.0,17089.0,517.002974306501,17486,9.0,78.27,80.12,1.8500000000000085,22669
5512,Bottrop,7.98169758329563,704.0,26606,36365,25333,39038.0,4758.0,1164.3276016300567,3320,2.0,81.28,83.73,2.450000000000003,19185
5513,Gelsenkirchen,9.482732132981011,1752.0,63923,76746,53508,75952.0,18445.0,2481.1130169620737,2541,5.0,80.09,82.88,2.789999999999992,16136
5515,Münster,10.108405716700156,3716.0,106792,81404,51937,105303.0,9267.0,1022.2863360590874,15595,9.0,80.93,83.25,2.319999999999993,22127
5554,Borken,9.46259596500625,1916.0,87439,114163,66780,136619.0,8440.0,260.1486298188574,12375,8.0,79.31,81.56,2.25,20527
5558,Coesfeld,8.553074390685024,856.0,46986,69688,42715,82414.0,3653.0,196.39671234847668,1123,3.0,80.58,82.92,2.3400000000000034,22179
5562,Recklinghausen,8.055913901914352,4946.0,135392,191904,136144,201980.0,33626.0,811.5051687223339,15412,12.0,80.19,83.39,3.200000000000003,19382
5566,Steinfurt,8.798441045257503,2288.0,100179,138331,85030,165797.0,11557.0,246.900476678398,10472,9.0,80.92,82.55,1.6299999999999955,20477
5570,Warendorf,8.748121154449215,1530.0,61115,85467,56316,103243.0,8848.0,210.2689838639998,16490,7.0,80.61,83.22,2.6099999999999994,22079
5711,Bielefeld,9.790146807169235,3966.0,91695,92473,66245,113808.0,15808.0,1286.9561857661695,15240,7.0,80.4,83.0,2.5999999999999943,21158
5754,Gütersloh,9.17807687401911,1236.0,85255,111168,68674,139407.0,10258.0,372.0989259293651,8887,3.0,80.51,82.1,1.5899999999999892,23294
5758,Herford,8.761631273748424,1100.0,56104,76875,54642,93150.0,8084.0,559.761106547368,10438,3.0,80.66,82.52,1.8599999999999994,22224
5762,Höxter,7.700854107353656,924.0,31240,43798,30908,51331.0,3786.0,119.86649131860631,3382,2.0,80.11,82.75,2.6400000000000006,20016
5766,Lippe,8.932287954383463,1631.0,78015,103010,76702,124281.0,13085.0,281.4533666075541,11745,5.0,80.28,83.7,3.4200000000000017,22582
5770,Minden-Lübbecke,8.596070915189268,2371.0,69376,94587,67144,115950.0,9065.0,271.64811134925935,16208,9.0,79.48,81.85,2.3699999999999903,21652
5774,Paderborn,10.232246362525137,1767.0,82300,88820,52365,111533.0,9914.0,244.09047160731473,18354,6.0,79.24,81.47,2.230000000000004,19968
5911,Bochum,8.26063354371035,3562.0,98172,103707,79659,119951.0,18556.0,2504.064259233832,3799,8.0,79.74,81.4,1.6600000000000108,19422
5913,Dortmund,9.350354242119755,3928.0,158510,167407,119108,189010.0,37414.0,2088.2084713761533,14658,11.0,79.68,81.48,1.7999999999999972,18206
5914,Hagen,9.331160999555658,1732.0,43783,55529,42213,63129.0,10052.0,1178.2112807728265,,5.0,78.52,80.77,2.25,20017
5915,Hamm,9.052548258889502,1753.0,43833,51817,36443,58024.0,8413.0,792.2845912644084,2810,5.0,79.7,81.89,2.1899999999999977,17766
5916,Herne,8.373382268962022,1625.0,36698,46722,34099,47558.0,10110.0,3030.9412679891093,99,5.0,80.13,82.68,2.5500000000000114,17679
5954,Ennepe-Ruhr-Kreis,7.906023549335183,1894.0,70909,101068,75603,115296.0,11770.0,795.7084269114345,5175,7.0,79.52,81.78,2.260000000000005,24236
5958,Hochsauerlandkreis,7.734245266566071,2095.0,57924,81555,56459,99180.0,6987.0,134.56077789171346,8364,11.0,80.45,82.43,1.980000000000004,22750
5962,Märkischer Kreis,8.602233216634508,2931.0,92461,128432,89486,155617.0,14978.0,392.2219290143819,10364,12.0,79.5,82.63,3.1299999999999955,24680
5966,Olpe,9.283907160928392,832.0,31640,42443,26364,53449.0,3328.0,191.48622461875473,2836,2.0,79.18,82.32,3.1399999999999864,27125
5970,Siegen-Wittgenstein,8.824786324786324,2109.0,69904,81899,58463,103974.0,8491.0,247.86166353308792,4354,6.0,79.44,82.09,2.6500000000000057,23366
5974,Soest,8.65030776085414,2044.0,68659,93254,61912,110590.0,10049.0,228.05069884015865,8690,9.0,80.17,82.75,2.5799999999999983,21376
5978,Unna,8.039693461436489,2685.0,86739,122421,86906,135328.0,18388.0,729.0642661217577,9307,9.0,79.79,83.67,3.8799999999999955,20283
6411,Darmstadt,10.022336227816648,1482.0,52187,40538,26960,53988.0,5179.0,1272.4465558194775,38109,6.0,78.73,82.63,3.8999999999999915,21177
6412,Frankfurt am Main,11.636603847749656,6040.0,239216,209805,115485,265260.0,25719.0,2950.698723369981,206419,17.0,79.69,83.18,3.490000000000009,20555
6413,Offenbach am Main,11.920733185704819,1121.0,36254,34995,21032,43941.0,7057.0,2756.3822677656494,40430,5.0,79.89,82.83,2.9399999999999977,17459
6414,Wiesbaden,11.364212325047607,2087.0,72105,79791,55062,99120.0,10930.0,1354.4745746089343,84727,9.0,79.88,83.41,3.530000000000001,22243
6431,Bergstraße,8.283132530120483,1036.0,58607,84382,57677,97676.0,5688.0,370.98065376917947,83845,8.0,80.16,82.67,2.510000000000005,22341
6432,Darmstadt-Dieburg,8.767885016719438,535.0,67140,91696,59144,108611.0,7359.0,444.50466864040084,113069,2.0,79.94,84.05,4.109999999999999,22927
6433,Groß-Gerau,10.34047255696469,1034.0,67473,79660,51081,100567.0,8559.0,587.2373300370828,93296,3.0,79.71,83.16,3.450000000000003,20066
6434,Hochtaunuskreis,8.739348918505572,1127.0,47169,73658,52306,80892.0,4068.0,484.26828762292024,99982,8.0,80.99,83.89,2.9000000000000057,29288
6435,Main-Kinzig-Kreis,8.731515016166775,1692.0,94402,127240,86724,151925.0,10792.0,294.7680242708721,97816,4.0,78.88,82.22,3.3400000000000034,21744
6436,Main-Taunus-Kreis,9.280732495018208,674.0,51544,72726,49147,88855.0,4838.0,1047.0254957507084,78467,5.0,80.21,84.0,3.7900000000000063,25785
6437,Odenwaldkreis,7.907216494845361,421.0,21057,29671,21747,34784.0,2860.0,155.45370043911663,10454,4.0,79.6,83.47,3.8700000000000045,20249
6438,Offenbach,9.635619837803759,651.0,81819,105123,72587,127630.0,8944.0,974.9003648610721,121443,3.0,79.76,82.97,3.2099999999999937,22726
6439,Rheingau-Taunus-Kreis,7.56053314794095,821.0,38067,58714,41069,66132.0,4170.0,226.8866761965791,30970,8.0,80.41,83.69,3.280000000000001,23723
6440,Wetteraukreis,8.326405701965019,1252.0,68617,94582,62128,109984.0,7874.0,274.31065967711163,107395,9.0,79.66,82.32,2.6599999999999966,22008
6531,Gießen,9.344583912687376,2271.0,75716,73558,49824,89855.0,9311.0,307.14193782395546,54815,5.0,79.35,82.41,3.0600000000000023,19762
6532,Lahn-Dill-Kreis,8.385769077328403,1785.0,57585,77134,54528,91919.0,7883.0,237.37447610475093,32446,11.0,80.34,83.1,2.759999999999991,21813
6533,Limburg-Weilburg,8.335175253894208,977.0,38772,53428,35268,59799.0,4786.0,232.80522153612824,25798,5.0,79.67,82.59,2.9200000000000017,20920
6534,Marburg-Biedenkopf,8.314270452330565,1622.0,67882,69821,46922,87601.0,5078.0,194.24260425329692,26422,5.0,80.22,83.5,3.280000000000001,19718
6535,Vogelsbergkreis,7.253673454165734,682.0,22165,33592,24798,39408.0,2291.0,73.51386918347625,9473,5.0,80.18,83.71,3.529999999999987,20485
6611,Kassel,9.682600614191047,2588.0,59770,53494,39045,65333.0,9533.0,1854.1299868889305,16401,8.0,79.88,82.12,2.240000000000009,18621
6631,Fulda,8.94009049115985,1452.0,52554,65704,44970,80198.0,3850.0,159.46047751506723,27423,7.0,79.81,83.51,3.700000000000003,20783
6632,Hersfeld-Rotenburg,8.16235577637291,977.0,25764,36473,28338,43143.0,3062.0,110.44106789656462,4320,4.0,79.37,82.36,2.989999999999995,20264
6633,Kassel,7.548353992358352,951.0,47519,73270,57173,86132.0,6000.0,182.3879281007332,31758,6.0,79.98,82.18,2.200000000000003,21595
6634,Schwalm-Eder-Kreis,7.925239864677501,643.0,38743,56328,40578,66848.0,4803.0,117.19780826903953,16856,6.0,79.4,81.85,2.4499999999999886,20518
6635,Waldeck-Frankenberg,7.938220214224072,1611.0,33608,48660,35464,60108.0,4015.0,85.25629581541291,9542,12.0,79.94,81.59,1.6500000000000057,20883
6636,Werra-Meißner-Kreis,6.801370203048205,597.0,20397,30794,25353,34035.0,3294.0,98.28730360105396,4358,2.0,79.64,82.79,3.1500000000000057,19339
7111,Koblenz,9.255147176380722,1751.0,33393,29742,24227,37198.0,3956.0,1070.6162038798022,16933,3.0,80.41,81.85,1.4399999999999977,20254
7131,Ahrweiler,7.45871487829694,910.0,26417,39520,30566,44185.0,2845.0,162.3527617885869,19530,8.0,79.29,82.36,3.069999999999993,22438
7132,Altenkirchen (Westerwald),8.353268148423409,385.0,28378,39741,27607,46477.0,3627.0,201.19780065731064,7206,2.0,78.37,80.63,2.259999999999991,20718
7133,Bad Kreuznach,7.830583914144151,959.0,33769,48181,35088,56861.0,5666.0,181.56883177029061,24034,5.0,80.32,81.58,1.2600000000000051,21351
7134,Birkenfeld,7.256714011040129,671.0,17072,24566,19079,28846.0,2865.0,103.80905777972364,3407,2.0,80.03,82.46,2.4299999999999926,21382
7135,Cochem-Zell,7.821640941802504,445.0,12991,19378,14495,22616.0,1255.0,90.11482631616957,4516,3.0,79.77,82.23,2.460000000000008,21887
7137,Mayen-Koblenz,8.847469623687626,985.0,47216,66041,44708,77848.0,5209.0,259.30842928285637,41058,5.0,80.17,82.65,2.480000000000004,21559
7138,Neuwied,8.280977553901081,1511.0,38807,55648,39254,65003.0,5590.0,288.18115109749874,19529,6.0,80.35,82.17,1.8200000000000074,22447
7140,Rhein-Hunsrück-Kreis,8.251324015644355,444.0,22057,32013,22223,38435.0,2438.0,103.44657108552865,14149,2.0,79.7,81.62,1.9200000000000017,21971
7141,Rhein-Lahn-Kreis,8.029592935253312,1007.0,26710,38187,27851,44171.0,2763.0,157.91875447387258,7272,6.0,79.55,82.07,2.519999999999996,21912
7143,Westerwaldkreis,8.437259737795928,534.0,44251,63455,40718,74705.0,4428.0,202.53392384072478,30755,2.0,80.03,83.15,3.1200000000000045,22817
7211,Trier,8.945820352611518,1694.0,40576,28834,19312,31302.0,3050.0,981.0808503372322,10076,3.0,79.46,80.7,1.240000000000009,19938
7231,Bernkastel-Wittlich,8.495189040311907,496.0,24319,34690,24346,40963.0,2297.0,95.77677095555804,20604,1.0,80.65,82.75,2.0999999999999943,23533
7232,Eifelkreis Bitburg-Prüm,9.466968512039514,669.0,22425,30143,19453,28899.0,1640.0,59.75564013798277,14304,2.0,78.14,81.85,3.7099999999999937,21339
7233,Vulkaneifel,7.221107346119682,209.0,12553,18647,14181,21420.0,1437.0,66.730330172111,3877,1.0,79.92,80.88,0.9599999999999937,21051
7235,Trier-Saarburg,8.473030223177183,370.0,33045,47043,28878,44545.0,2665.0,134.36132546527463,32625,2.0,77.73,80.62,2.8900000000000006,21976
7311,Frankenthal (Pfalz),9.304633707586378,315.0,11733,13856,10874,16558.0,1728.0,1105.1873857404023,.,1.0,79.43,82.44,3.009999999999991,19999
7312,Kaiserslautern,8.911896061713357,1183.0,29683,26530,19735,32576.0,4993.0,705.0236152855302,16234,2.0,80.44,83.07,2.6299999999999955,18870
7313,Landau in der Pfalz,8.862043119791897,844.0,13118,13098,8645,15885.0,1193.0,546.7936354869818,5060,2.0,77.84,77.9,0.060000000000002274,21099
7314,Ludwigshafen am Rhein,10.630289342998335,2021.0,43477,47393,31994,59622.0,7558.0,2124.0232108317214,23270,4.0,78.25,80.13,1.8799999999999955,18453
7315,Mainz,10.158309459002092,2245.0,72930,54332,37072,75207.0,7232.0,2146.2962962962965,39922,4.0,77.92,81.13,3.2099999999999937,20841
7316,Neustadt an der Weinstraße,8.320911715315384,422.0,11669,15951,12483,18967.0,1552.0,452.5960717335611,8696,1.0,77.34,79.67,2.3299999999999983,24580
7317,Pirmasens,8.64797507788162,413.0,8599,11683,10265,13145.0,2653.0,653.8210852207919,2510,1.0,79.48,82.45,2.969999999999999,19662
7318,Speyer,8.969055763264656,631.0,11402,15357,10913,18605.0,1672.0,1180.3755868544602,.,2.0,79.37,82.34,2.969999999999999,23067
7319,Worms,10.182455969403913,654.0,20841,23899,16404,30421.0,3485.0,755.0997884668444,8910,3.0,77.99,81.59,3.6000000000000085,19940
7320,Zweibrücken,8.318739054290718,219.0,8340,9758,7750,11965.0,1350.0,484.9943374858437,3771,1.0,79.61,82.12,2.510000000000005,19759
7331,Alzey-Worms,8.77634080802049,621.0,28300,41169,23840,48994.0,2968.0,216.40453641201776,26900,2.0,78.92,81.88,2.9599999999999937,21770
7332,Bad Dürkheim,7.465791245281878,509.0,26092,42733,30669,48922.0,2829.0,222.27210060862842,26093,4.0,79.22,80.86,1.6400000000000006,24556
7333,Donnersbergkreis,7.73627542203908,178.0,15882,24050,15245,28679.0,2185.0,116.54892483113342,10045,1.0,79.44,82.81,3.3700000000000045,20540
7334,Germersheim,9.002144489917756,320.0,30502,40093,23971,51247.0,3164.0,274.7447933527571,27282,1.0,80.05,82.8,2.75,21292
7335,Kaiserslautern,9.079130385077072,555.0,23014,32544,21776,37809.0,2945.0,164.04013252484842,19416,1.0,80.23,82.74,2.509999999999991,20630
7336,Kusel,7.634125385579672,0.0,14787,22321,15999,26183.0,1753.0,123.83053685422261,5619,0.0,79.5,82.47,2.969999999999999,19756
7337,Südliche Weinstraße,8.15192805312777,686.0,23129,35327,24289,41162.0,2371.0,172.74006001500373,15037,3.0,81.34,84.61,3.269999999999996,22360
7338,Rhein-Pfalz-Kreis,8.637641376215804,0.0,32304,47856,33551,58827.0,2916.0,496.9698957171903,27466,0.0,81.15,84.53,3.3799999999999955,24415
7339,Mainz-Bingen,8.84794657698959,347.0,45302,67692,40785,79494.0,4289.0,344.6181530029385,67771,3.0,81.65,84.31,2.6599999999999966,26177
7340,Südwestpfalz,7.514978128822273,228.0,19432,30786,22965,35973.0,2317.0,101.1607788857781,9205,2.0,80.87,83.93,3.0600000000000023,21698
8111,Stuttgart,10.276750815246144,5189.0,205089,168247,112325,228667.0,17565.0,3008.140824692549,265034,20.0,81.86,84.1,2.239999999999995,23759
8115,Böblingen,9.856247754280963,1099.0,93670,114354,75327,149903.0,6824.0,617.1392962351493,40166,5.0,81.07,83.88,2.8100000000000023,23483
8116,Esslingen,9.39276167799026,2005.0,129213,157881,106245,205782.0,9741.0,817.0589885888882,27549,8.0,80.84,82.52,1.6799999999999926,23606
8117,Göppingen,8.53811488868403,1328.0,58663,76376,53744,95672.0,5169.0,393.4693941092222,34614,3.0,80.25,83.05,2.799999999999997,22333
8118,Ludwigsburg,10.363732366675778,1751.0,133241,160838,104540,211961.0,10323.0,777.5927085304951,44281,8.0,80.21,82.82,2.6099999999999994,23470
8119,Rems-Murr-Kreis,8.835253280439426,1317.0,97490,128721,86980,162715.0,8410.0,488.7966998391871,17170,4.0,80.69,83.86,3.1700000000000017,23752
8121,Heilbronn,10.076121631434235,1089.0,33950,33925,24318,46102.0,3934.0,1227.1425710853025,7571,5.0,80.92,80.93,0.010000000000005116,41707
8125,Heilbronn,9.276648683565199,1252.0,80675,104104,62684,135098.0,6457.0,304.00843690053,101689,4.0,80.47,83.28,2.8100000000000023,23040
8126,Hohenlohekreis,8.77646781205471,283.0,26995,33754,20636,46501.0,1916.0,141.84690251815232,23680,1.0,78.33,81.59,3.260000000000005,22708
8127,Schwäbisch Hall,9.649608066216457,687.0,46889,57996,35616,77081.0,3756.0,129.1199460916442,30274,3.0,80.05,83.86,3.8100000000000023,21443
8128,Main-Tauber-Kreis,8.011741475703769,1130.0,30082,39901,28490,51626.0,2422.0,101.33393641569751,12149,7.0,80.55,83.66,3.1099999999999994,21685
8135,Heidenheim,8.864066438361412,537.0,30196,38440,28353,49460.0,3721.0,208.1338797378534,6690,1.0,80.7,83.56,2.8599999999999994,21826
8136,Ostalbkreis,9.003678234447467,1054.0,75250,93251,62082,120242.0,6030.0,206.83792348353037,19083,5.0,80.54,83.21,2.6699999999999875,22322
8211,Baden-Baden,8.216395864106351,739.0,11524,16015,14289,18831.0,1564.0,386.27772626774123,3351,4.0,79.72,82.43,2.710000000000008,29043
8212,Karlsruhe,9.543305551493884,2758.0,100172,83139,56786,108065.0,8672.0,1774.2130750605327,4663,7.0,79.53,82.44,2.9099999999999966,21417
8215,Karlsruhe,8.50998414559438,1019.0,100159,135739,89434,170123.0,7652.0,401.71528641872897,28480,3.0,80.4,83.17,2.769999999999996,22619
8216,Rastatt,8.59438880927051,577.0,51507,70836,47365,92449.0,4418.0,307.9174280879865,5636,5.0,80.76,83.35,2.589999999999989,21659
8221,Heidelberg,9.387778609687265,3008.0,59820,38150,25382,45423.0,3621.0,1435.7497243660418,2429,13.0,80.74,84.03,3.2900000000000063,22337
8222,Mannheim,9.817515861076592,2539.0,94242,84448,56749,111631.0,9489.0,2109.4094922737304,628,5.0,80.24,84.17,3.930000000000007,19846
8225,Neckar-Odenwald-Kreis,8.18548161414899,519.0,32054,44597,29705,55404.0,3026.0,126.9132075471698,1302,4.0,79.49,83.12,3.6300000000000097,20684
8226,Rhein-Neckar-Kreis,9.098307862377482,1485.0,125671,166421,113114,203577.0,12911.0,510.3644121276055,54436,5.0,81.03,83.9,2.8700000000000045,23240
8231,Pforzheim,11.092296743478368,1178.0,33265,33348,24928,44471.0,4622.0,1247.4183673469388,8062,7.0,81.16,84.52,3.3599999999999994,21646
8235,Calw,8.46426663405403,1211.0,35161,47740,31408,60419.0,3306.0,194.8050808140337,20629,7.0,80.56,83.55,2.989999999999995,22535
8236,Enzkreis,8.196219640325197,313.0,43515,61217,40429,76987.0,3036.0,341.76297303421705,37918,4.0,81.03,83.8,2.769999999999996,23687
8237,Freudenstadt,9.042182512711536,456.0,26712,35760,23290,47143.0,2251.0,133.49834035857444,4971,2.0,80.93,82.87,1.9399999999999977,23297
8311,Freiburg im Breisgau,10.737964513037063,2252.0,79692,57658,36414,72410.0,6961.0,1479.1127662354631,18727,10.0,80.74,83.31,2.5700000000000074,20233
8315,Breisgau-Hochschwarzwald,9.015205387362393,1297.0,57747,77948,53921,93061.0,4640.0,186.706376557138,20928,14.0,80.68,82.92,2.239999999999995,23000
8316,Emmendingen,8.964598166360236,996.0,36595,50375,32497,63472.0,2868.0,238.39795257986702,14207,4.0,81.07,84.07,3.0,21395
8317,Ortenaukreis,9.03819512218345,2264.0,97030,127856,84647,167257.0,8129.0,226.98126256186382,40321,14.0,80.56,83.75,3.1899999999999977,21662
8325,Rottweil,9.381818181818183,830.0,31010,41800,28506,54746.0,2233.0,178.70371573762398,4454,4.0,81.1,84.11,3.010000000000005,23204
8326,Schwarzwald-Baar-Kreis,8.767076242081966,1242.0,50070,60670,45667,80140.0,4079.0,204.48276534732653,8750,5.0,81.7,83.65,1.9500000000000028,22919
8327,Tuttlingen,9.340731739455075,363.0,33417,39983,26366,55053.0,2108.0,186.02301354939743,23950,2.0,81.85,84.49,2.6400000000000006,23851
8335,Konstanz,8.90869391483046,1639.0,71897,81419,57413,94203.0,6014.0,342.6587447125847,36985,10.0,81.51,83.19,1.6799999999999926,22339
8336,Lörrach,8.341126029959243,829.0,52989,69880,44960,71115.0,4223.0,281.01046159948436,9473,3.0,82.14,83.54,1.4000000000000057,23199
8337,Waldshut,7.434722776583006,659.0,38469,50133,34326,51076.0,2679.0,148.39722055235333,30795,6.0,80.91,83.59,2.680000000000007,22165
8415,Reutlingen,8.858152584248156,1137.0,68058,85298,56836,110064.0,5689.0,274.40496454590556,13333,5.0,80.35,83.59,3.240000000000009,23126
8416,Tübingen,9.448378764588414,1906.0,66330,62589,36722,79550.0,3777.0,427.27517864365643,64338,6.0,81.61,83.94,2.3299999999999983,21513
8417,Zollernalbkreis,8.102017550836448,578.0,42894,57466,40210,72646.0,3938.0,205.5060966972137,13828,5.0,81.46,83.63,2.1700000000000017,23938
8421,Ulm,10.184611370233862,1514.0,37925,32769,22707,46221.0,2976.0,1033.2462718004888,7197,6.0,80.32,83.35,3.030000000000001,24682
8425,Alb-Donau-Kreis,9.380335651522092,418.0,45924,58321,35998,76992.0,2976.0,141.39121346611023,22318,4.0,80.71,82.81,2.1000000000000085,21860
8426,Biberach,9.694926785521005,879.0,47225,59033,34995,78228.0,2717.0,137.6265295265118,16896,6.0,80.87,84.32,3.4499999999999886,21915
8435,Bodenseekreis,8.718149301841178,742.0,49022,63069,46509,82913.0,3367.0,319.1904453904123,18244,5.0,80.0,83.51,3.510000000000005,23754
8436,Ravensburg,9.241091888175985,1762.0,68508,83423,53535,107432.0,4327.0,171.15613241656555,34297,11.0,79.75,81.87,2.1200000000000045,22091
8437,Sigmaringen,8.595112103508397,690.0,30988,39480,25355,49829.0,2567.0,108.58395469717854,14221,4.0,80.6,82.83,2.230000000000004,21391
9161,Ingolstadt,10.94096860417705,1277.0,39325,36722,24715,54771.0,2433.0,993.0119217215265,104500,3.0,80.53,83.91,3.3799999999999955,21368
9162,München,11.727263388033904,11496.0,477225,399234,258683,580002.0,39897.0,4668.107499195366,1656519,50.0,80.55,82.46,1.9099999999999966,25838
9163,Rosenheim,10.46180712761141,622.0,17326,17250,12546,23007.0,1700.0,1661.579795808705,30272,2.0,80.3,83.05,2.75,23450
9171,Altötting,8.738535281375306,571.0,24658,33007,23151,41998.0,2112.0,190.54184596469656,25324,3.0,80.83,83.09,2.260000000000005,22242
9172,Berchtesgadener Land,8.815575466522947,606.0,25316,29703,24344,32850.0,2123.0,123.71059148490333,20367,9.0,79.94,83.31,3.3700000000000045,21120
9173,Bad Tölz-Wolfratshausen,9.06107420155287,624.0,28470,38372,26326,46388.0,1779.0,112.47962977968649,82642,4.0,81.35,83.3,1.9500000000000028,25544
9174,Dachau,9.55345785632992,489.0,38102,46398,26834,61389.0,1948.0,257.89909872578477,98430,1.0,80.86,83.52,2.6599999999999966,23438
9175,Ebersberg,9.183458132308743,328.0,32150,43365,25646,53449.0,1593.0,250.14289094781296,57450,1.0,80.34,82.17,1.8299999999999983,25659
9176,Eichstätt,10.286867745817322,449.0,33140,39189,21997,52057.0,933.0,106.09530085251843,71241,2.0,80.64,83.32,2.6799999999999926,22170
9177,Erding,9.697413773766888,406.0,33143,43449,21866,55734.0,1508.0,153.6050624770305,106599,3.0,80.17,83.09,2.9200000000000017,22930
9178,Freising,10.269880213595036,353.0,48571,53715,27040,73578.0,2184.0,216.57727267044245,55677,1.0,79.04,81.45,2.4099999999999966,22650
9179,Fürstenfeldbruck,9.007827394475386,380.0,49073,64451,45971,80711.0,3488.0,490.9979530347984,112804,1.0,80.39,83.61,3.219999999999999,24758
9180,Garmisch-Partenkirchen,8.136407850317559,1281.0,19241,25773,21768,29887.0,1597.0,86.33004682776472,46646,8.0,80.55,81.96,1.4099999999999966,24414
9181,Landsberg am Lech,8.499281810686998,472.0,26451,37340,22643,42696.0,1755.0,146.27041945349214,54412,3.0,80.02,82.84,2.8200000000000074,23842
9182,Miesbach,8.709277007915675,453.0,22056,30310,22049,35848.0,1387.0,113.4640915230366,63921,3.0,81.13,84.23,3.1000000000000085,27168
9183,Mühldorf am Inn,8.57775318206973,393.0,26883,34500,21958,42458.0,2376.0,139.1190969937043,29835,2.0,81.03,83.51,2.480000000000004,22129
9184,München,9.820501583809556,1282.0,80917,102540,69757,126075.0,5041.0,511.8599924727136,84440,4.0,79.59,82.99,3.3999999999999915,29954
9185,Neuburg-Schrobenhausen,9.423796141737274,448.0,23313,28997,17554,38191.0,1063.0,127.94366121031076,39275,2.0,79.47,81.27,1.7999999999999972,21534
9186,Pfaffenhofen an der Ilm,9.449922660479505,332.0,31811,38746,21625,50231.0,1345.0,163.08169324959928,64329,1.0,79.46,81.62,2.160000000000011,23405
9187,Rosenheim,8.684989495224036,2722.0,58753,78741,52715,92661.0,3631.0,177.8859913583506,104723,18.0,77.58,79.56,1.980000000000004,23736
9188,Starnberg,8.262174358820843,1305.0,27172,41556,30368,44164.0,1876.0,273.9763383978184,190821,10.0,79.74,81.97,2.230000000000004,34915
9189,Traunstein,8.60118740023656,862.0,39770,52072,39004,63395.0,2773.0,113.53455019556715,72672,4.0,80.08,81.56,1.480000000000004,22942
9190,Weilheim-Schongau,8.983793056746872,480.0,29854,40459,27923,50107.0,2008.0,137.53117336010015,61039,4.0,79.35,82.53,3.180000000000007,23757
9261,Landshut,9.304879282195026,1220.0,19228,19804,14407,25335.0,1813.0,1051.679076128248,14583,4.0,79.94,83.21,3.269999999999996,22306
9262,Passau,7.297393505517541,755.0,15905,12944,10919,16208.0,1395.0,726.8362800057497,19900,3.0,80.33,83.41,3.0799999999999983,20034
9263,Straubing,8.802290304661796,435.0,12445,13828,9891,17167.0,1417.0,692.6013613495118,16921,1.0,78.44,80.9,2.460000000000008,21545
9271,Deggendorf,8.773885896600227,1103.0,28155,36184,22916,45723.0,2027.0,135.37054022361286,48939,6.0,79.84,82.39,2.549999999999997,20816
9272,Freyung-Grafenau,7.872302296408182,405.0,17316,24916,16057,29161.0,1586.0,79.38017578621145,5707,1.0,79.4,82.22,2.819999999999993,19009
9273,Kelheim,8.649602824360105,382.0,29675,36760,21376,47528.0,1708.0,111.60257793371295,47785,2.0,78.38,82.2,3.8200000000000074,21810
9274,Landshut,9.445130905632793,185.0,36729,49411,27793,62169.0,2372.0,114.67987239409452,88952,1.0,78.34,79.7,1.3599999999999994,22636
9275,Passau,7.959179339053606,635.0,42617,58813,39599,70171.0,3743.0,123.07290169119378,40734,6.0,79.69,82.82,3.1299999999999955,20074
9276,Regen,8.292975055980836,314.0,17534,23876,16389,29055.0,1536.0,78.78881127488691,10809,2.0,79.25,81.97,2.719999999999999,19774
9277,Rottal-Inn,8.706738915264474,617.0,27743,36342,24787,44999.0,2253.0,93.03657689576326,24092,2.0,79.46,82.5,3.0400000000000063,21209
9278,Straubing-Bogen,8.26872861971945,420.0,22753,31662,18488,38589.0,1604.0,82.20611849275748,33392,4.0,80.28,82.86,2.5799999999999983,20748
9279,Dingolfing-Landau,8.193062994134149,250.0,23907,29275,17433,40721.0,1566.0,107.2055958714499,43597,2.0,79.57,82.36,2.7900000000000063,21155
9361,Amberg,8.384892859702349,560.0,10188,12166,9516,15574.0,1300.0,834.8823294774631,6840,1.0,78.27,81.08,2.8100000000000023,21747
9362,Regensburg,10.29800983054343,2756.0,50847,38162,25658,54480.0,3328.0,1802.540272614622,50243,5.0,78.52,80.74,2.219999999999999,21522
9363,Weiden in der Oberpfalz,8.27487813577458,714.0,10170,12441,9610,15256.0,1657.0,596.1020552799433,9803,1.0,80.03,81.61,1.5799999999999983,20430
9371,Amberg-Sulzbach,7.801637571450641,207.0,23326,33029,20896,41120.0,1703.0,82.47501493131594,13804,2.0,79.07,79.66,0.5900000000000034,20317
9372,Cham,8.293829485830056,688.0,29365,39483,25632,49696.0,2134.0,83.12217135038416,19052,4.0,78.5,79.92,1.4200000000000017,20496
9373,Neumarkt in der Oberpfalz,9.287878206848948,520.0,31247,41237,23790,52165.0,1504.0,97.00398773918997,17847,3.0,79.62,81.49,1.8699999999999903,21585
9374,Neustadt an der Waldnaab,8.109131449967395,188.0,21632,30147,18885,37138.0,2048.0,66.59615600134484,11379,1.0,79.15,81.59,2.4399999999999977,20170
9375,Regensburg,9.17155076825598,230.0,43949,60887,34895,76086.0,2373.0,136.06580932538256,72225,2.0,79.86,82.33,2.469999999999999,22035
9376,Schwandorf,8.20079522862823,573.0,34531,45375,28682,58134.0,2742.0,98.88462641128207,44498,5.0,79.58,82.61,3.030000000000001,20237
9377,Tirschenreuth,7.529257713397168,290.0,16088,22968,16119,27823.0,1721.0,67.61849423092886,4868,2.0,79.14,81.45,2.3100000000000023,20653
9461,Bamberg,9.123017550558428,1013.0,23199,19733,14786,24975.0,1894.0,1342.566825338704,1046,1.0,78.51,80.82,2.309999999999988,20499
9462,Bayreuth,7.692520929201086,1372.0,22411,18651,15634,24204.0,2172.0,1078.1231320980276,9624,2.0,79.12,81.09,1.9699999999999989,21599
9463,Coburg,8.119834209952252,510.0,10507,11843,9586,15756.0,1274.0,854.3590805549803,6321,1.0,78.95,80.75,1.7999999999999972,24062
9464,Hof,8.911777877295119,445.0,10350,12799,10900,15664.0,1545.0,769.6019300361882,2721,1.0,77.45,80.74,3.289999999999992,20190
9471,Bamberg,8.765542350759084,301.0,34379,47178,26298,61041.0,2308.0,124.64892451020688,31271,3.0,78.52,81.0,2.480000000000004,21924
9472,Bayreuth,7.468410254443656,125.0,22178,33529,22323,41563.0,2033.0,81.88826780555206,16032,1.0,81.46,83.1,1.6400000000000006,21539
9473,Coburg,7.63288259679673,93.0,18404,27443,19448,36446.0,1895.0,146.66113435060205,14583,2.0,78.91,81.04,2.1300000000000097,24155
9474,Forchheim,8.838845638051447,310.0,26543,36599,22268,47365.0,1913.0,178.64932559622895,22662,2.0,79.69,82.85,3.1599999999999966,22552
9475,Hof,6.865154673386637,567.0,18725,30345,24403,35943.0,1872.0,108.04127638596334,8418,3.0,78.5,81.03,2.530000000000001,21085
9476,Kronach,6.993933682784616,282.0,13927,22129,15795,27394.0,1531.0,104.24078707043421,5520,1.0,79.5,82.9,3.4000000000000057,24045
9477,Kulmbach,6.347629298448971,500.0,14813,23371,16719,29195.0,1848.0,110.07685998116474,5580,2.0,79.87,82.64,2.769999999999996,21714
9478,Lichtenfels,8.026404620808641,749.0,14681,21042,14471,27563.0,1691.0,128.19501875180305,6816,4.0,79.66,82.73,3.0700000000000074,21203
9479,Wunsiedel im Fichtelgebirge,6.900321104051377,408.0,14389,22639,19196,26900.0,1980.0,120.68169450719788,3178,1.0,79.23,82.64,3.4099999999999966,21792
9561,Ansbach,9.232488641609368,863.0,10483,11900,8803,15568.0,1050.0,411.9607646882194,7171,3.0,79.42,82.27,2.8499999999999943,20834
9562,Erlangen,10.430512479692807,2179.0,35174,28717,19617,43213.0,2397.0,1407.8752436647173,27640,3.0,78.86,81.83,2.969999999999999,23775
9563,Fürth,10.62244807563763,811.0,34124,37663,22711,49694.0,4569.0,1960.0789265982635,42023,3.0,78.84,82.0,3.1599999999999966,23046
9564,Nürnberg,10.09461248100397,3483.0,148683,140834,103673,194388.0,20144.0,2736.2109668419357,129991,17.0,80.37,81.67,1.2999999999999972,21791
9565,Schwabach,9.349955476402494,170.0,9309,12376,8719,15309.0,887.0,990.3968642822146,11461,1.0,79.84,82.94,3.0999999999999943,23979
9571,Ansbach,8.879623195120068,538.0,42527,56071,35182,73570.0,3153.0,91.95121332758578,34395,2.0,80.25,83.05,2.799999999999997,21921
9572,Erlangen-Höchstadt,8.707580366195502,115.0,30541,42053,26324,55213.0,1740.0,237.5518010838381,52635,2.0,78.84,82.37,3.530000000000001,24666
9573,Fürth,8.627100996578909,0.0,24148,36242,25563,45679.0,1952.0,371.60554038236444,23539,0.0,79.99,82.73,2.740000000000009,23965
9574,Nürnberger Land,8.351079377009478,980.0,36292,52958,36723,65599.0,2580.0,209.66644571457158,58452,4.0,78.81,81.82,3.009999999999991,25145
9575,Neustadt an der Aisch-Bad Windsheim,8.739152008587254,459.0,22381,30815,19829,39915.0,1284.0,77.90637129603333,17366,3.0,78.97,82.7,3.730000000000004,21424
9576,Roth,7.991050023973149,270.0,28093,39767,25229,49788.0,1943.0,139.76032790180815,38551,1.0,79.86,82.35,2.489999999999995,23168
9577,Weißenburg-Gunzenhausen,8.420646654239249,420.0,21091,28646,19747,36560.0,1680.0,96.13867402745878,16260,3.0,80.27,82.34,2.0700000000000074,21351
9661,Aschaffenburg,8.784391035862349,808.0,17862,20430,14120,25995.0,2221.0,1104.3060669121178,10807,3.0,79.68,83.4,3.719999999999999,23154
9662,Schweinfurt,9.236275471915949,920.0,13012,13915,12636,18732.0,1710.0,1455.7142857142856,8194,2.0,81.11,84.14,3.030000000000001,20499
9663,Würzburg,9.65781233733473,2337.0,44501,30376,25262,45668.0,2994.0,1425.0028529042565,49451,10.0,80.37,82.61,2.239999999999995,24066
9671,Aschaffenburg,7.795273323929877,152.0,39114,55594,35593,67946.0,3025.0,248.4338348875794,44334,2.0,79.62,80.15,0.5300000000000011,23364
9672,Bad Kissingen,7.826896591856924,880.0,21690,31636,24163,38986.0,2113.0,90.68568815085843,9303,6.0,80.23,80.89,0.6599999999999966,21219
9673,Rhön-Grabfeld,8.353925466929242,1096.0,17523,24734,16808,31592.0,1376.0,78.02440862425007,7173,5.0,78.95,80.74,1.789999999999992,20814
9674,Haßberge,8.382497251155696,240.0,19200,26852,16577,34060.0,1619.0,88.43869591584935,9110,1.0,79.77,83.25,3.480000000000004,20328
9675,Kitzingen,8.73401563164849,245.0,21108,27760,17823,35199.0,1499.0,130.52997749130347,20506,2.0,81.01,83.01,2.0,21919
9676,Miltenberg,8.454914905874842,300.0,28800,40440,26144,50381.0,2188.0,179.4289386192831,34840,1.0,79.61,82.11,2.5,22016
9677,Main-Spessart,7.59575969490101,665.0,27353,39972,27389,51998.0,1695.0,95.44505153546942,15864,2.0,81.22,83.06,1.8400000000000034,21855
9678,Schweinfurt,8.614007124628746,603.0,26140,35699,23770,46588.0,2034.0,136.44498847241698,3515,6.0,80.59,82.3,1.7099999999999937,21304
9679,Würzburg,9.019678732382953,130.0,37049,49812,32427,62510.0,2123.0,165.6602059045239,48106,1.0,80.24,82.86,2.6200000000000045,22352
9761,Augsburg,9.938053035540936,2967.0,87894,77387,56718,104787.0,9925.0,1949.9795723818602,47474,10.0,80.39,82.86,2.469999999999999,18424
9762,Kaufbeuren,9.10346118742833,628.0,10172,12348,9715,15937.0,1361.0,1067.4743942043467,.,2.0,79.66,82.86,3.200000000000003,21839
9763,Kempten (Allgäu),9.888419197275457,570.0,18337,18030,14980,24887.0,1641.0,1057.948798988622,.,2.0,81.08,83.39,2.3100000000000023,21745
9764,Memmingen,9.593613594453911,546.0,10713,12297,9123,16842.0,957.0,610.7927003136584,7237,2.0,78.75,81.28,2.530000000000001,24017
9771,Aichach-Friedberg,9.357145039567355,300.0,30215,41293,25048,51134.0,1957.0,167.77649621940282,59617,2.0,78.29,80.76,2.469999999999999,23897
9772,Augsburg,8.839576547231271,304.0,56164,76785,49055,95072.0,3949.0,229.2948436668503,7904,3.0,79.21,81.71,2.5,23492
9773,Dillingen an der Donau,8.37430610626487,317.0,22318,29225,18290,38857.0,1286.0,119.37971775516901,25063,2.0,79.1,82.96,3.8599999999999994,22793
9774,Günzburg,8.931978920529748,1053.0,29533,38304,23228,50646.0,1872.0,161.52484129898744,25463,6.0,78.34,82.59,4.25,24048
9775,Neu-Ulm,8.91321069350416,390.0,42755,50703,33562,68451.0,2668.0,330.1393761994301,47345,4.0,75.42,80.82,5.3999999999999915,22945
9776,Lindau (Bodensee),9.088761516368475,494.0,17764,24478,17968,29297.0,1209.0,248.6597619415675,24616,7.0,75.92,81.65,5.730000000000004,23112
9777,Ostallgäu,8.997233296298717,440.0,31575,41682,28303,51686.0,2063.0,98.72249822569198,45812,4.0,75.06,80.33,5.269999999999996,22428
9778,Unterallgäu,8.973144659910696,400.0,32424,42564,29004,54927.0,1717.0,114.15622002178756,44269,4.0,78.5,83.15,4.650000000000006,23573
9779,Donau-Ries,8.374890555407514,507.0,31649,40227,25401,54088.0,1573.0,103.0407393170104,27123,2.0,77.19,82.39,5.200000000000003,23371
9780,Oberallgäu,8.587036260741982,506.0,33740,46814,34061,57044.0,2340.0,99.91557646874038,37412,4.0,77.76,83.02,5.259999999999991,23218
10041,Regionalverband Saarbrücken,8.085405339360987,2603.0,81624,95620,73605,109850.0,16680.0,797.243327488798,23097,7.0,75.12,81.59,6.469999999999999,18923
10042,Merzig-Wadern,6.884813985018798,481.0,22664,33061,22235,33482.0,2801.0,187.32460327467263,8964,3.0,76.85,81.79,4.940000000000012,17893
10043,Neunkirchen,7.006393240363405,718.0,29416,41597,31578,47698.0,5725.0,536.5711763761835,8486,4.0,77.16,82.52,5.359999999999999,19318
10044,Saarlouis,7.755990843057932,980.0,43546,60696,44959,70806.0,5803.0,429.16675743383075,18852,5.0,76.7,81.83,5.1299999999999955,19696
10045,Saarpfalz-Kreis,7.656448846345377,1440.0,31460,44183,34684,52831.0,4081.0,345.5640535372849,13551,2.0,74.72,81.7,6.980000000000004,21429
10046,Sankt Wendel,6.479773207937722,236.0,18728,28357,20569,32506.0,1804.0,186.66162697912728,5593,1.0,77.53,82.31,4.780000000000001,25599
11000,Berlin,,,0,0,0,,,3947.6392876368204,,,75.87,81.48,5.609999999999999,18594
12051,Brandenburg an der Havel,8.662363428060468,873.0,16454,20112,19171,25855.0,4536.0,311.57060769632596,5530,3.0,78.35,82.58,4.230000000000004,16783
12052,Cottbus,7.914773240241956,1149.0,25410,27919,23997,35666.0,5267.0,603.5783482683458,4957,2.0,74.82,81.07,6.25,17722
12053,Frankfurt (Oder),7.419265991874957,932.0,13474,16803,14102,20500.0,3490.0,392.91173486641867,2010,2.0,75.74,82.27,6.530000000000001,17078
12054,Potsdam,10.641151748189214,1606.0,48790,45427,32740,63366.0,6206.0,891.0283650270902,89675,6.0,76.4,81.6,5.199999999999989,18247
12060,Barnim,7.479806776355468,1175.0,35598,57988,39864,67687.0,7414.0,119.89822123702422,76775,5.0,75.63,81.41,5.780000000000001,19102
12061,Dahme-Spreewald,7.91354663036079,1005.0,33609,53086,38123,63625.0,5295.0,72.33621603084649,88686,4.0,78.07,83.41,5.340000000000003,19393
12062,Elbe-Elster,6.830796862610224,465.0,18896,33815,27534,39200.0,5953.0,55.10352342898656,1769,1.0,78.74,81.89,3.1500000000000057,17617
12063,Havelland,7.741601152708612,482.0,31260,52770,33938,60298.0,6557.0,91.6088693336421,45110,1.0,78.25,82.23,3.980000000000004,18823
12064,Märkisch-Oderland,7.209748628836897,666.0,37335,63662,43103,70558.0,8758.0,88.34873647881777,44918,2.0,78.87,83.26,4.390000000000001,18595
12065,Oberhavel,8.06171816271853,1022.0,41602,68642,45187,78705.0,8558.0,114.76827784537109,61238,4.0,78.41,82.81,4.400000000000006,18799
12066,Oberspreewald-Lausitz,7.229879946642952,519.0,21399,34674,30684,41628.0,7176.0,91.93926857385802,3479,1.0,78.63,83.39,4.760000000000005,18037
12067,Oder-Spree,6.918973448028202,1365.0,36229,56791,44083,67152.0,8169.0,80.82286473911599,34703,7.0,78.63,82.71,4.079999999999998,18656
12068,Ostprignitz-Ruppin,7.537080012107759,1186.0,19637,31970,23453,36735.0,4837.0,39.227249699195745,11379,2.0,78.88,82.85,3.969999999999999,17564
12069,Potsdam-Mittelmark,7.443933431321417,693.0,39835,71394,44397,81003.0,6654.0,81.3714823645609,94801,5.0,79.5,84.25,4.75,20597
12070,Prignitz,7.077204697510732,357.0,14355,24625,20605,28284.0,4702.0,36.272964897432416,2468,1.0,78.9,83.14,4.239999999999995,18043
12071,Spree-Neiße,6.588175287967016,540.0,20396,38981,30158,44372.0,5912.0,70.9743397911224,4211,3.0,78.66,82.83,4.170000000000002,18801
12072,Teltow-Fläming,7.942379534462835,503.0,34924,53205,35599,65604.0,6019.0,77.7261883263157,80337,2.0,78.18,83.87,5.689999999999998,19160
12073,Uckermark,7.0652982299568645,752.0,22215,38481,31113,42474.0,9371.0,39.32958932958933,3993,5.0,78.33,83.29,4.960000000000008,17334
13003,Rostock,10.164505778817636,1491.0,62132,51239,47633,73837.0,10670.0,1136.5497076023391,2898,6.0,78.25,83.05,4.799999999999997,16423
13004,Schwerin,9.132231404958677,1470.0,24166,25580,23185,33941.0,4996.0,741.6487894575544,13530,2.0,78.4,82.64,4.239999999999995,17502
13071,Mecklenburgische Seenplatte,7.603317118510421,1641.0,52972,82431,62217,96516.0,17481.0,47.98906834114818,24503,5.0,79.5,81.52,2.019999999999996,17503
13072,Rostock,8.090016067605738,810.0,41908,70071,47015,80512.0,8659.0,62.37304676086626,11618,5.0,78.29,81.91,3.6199999999999903,18309
13073,Vorpommern-Rügen,7.610532870741038,1215.0,46261,69903,54839,80828.0,13757.0,70.09459434179922,26905,5.0,77.95,82.35,4.3999999999999915,17486
13074,Nordwestmecklenburg,8.242145005439305,588.0,34218,48976,34225,60818.0,6817.0,73.76375960576252,16964,2.0,77.15,80.95,3.799999999999997,17527
13075,Vorpommern-Greifswald,8.105454820060581,2276.0,54063,71420,55324,83026.0,15151.0,60.65505772661226,10868,8.0,77.85,81.13,3.280000000000001,16627
13076,Ludwigslust-Parchim,7.7809381027775055,944.0,43665,69811,46660,85885.0,8565.0,45.05308829532495,9123,6.0,77.46,81.72,4.260000000000005,18590
14511,Chemnitz,9.443182046693076,2329.0,63261,61566,66371,86940.0,11267.0,1124.8360099524994,20178,3.0,78.28,81.88,3.5999999999999943,18611
14521,Erzgebirgskreis,7.745962348812794,2074.0,65917,99890,93269,133695.0,13061.0,190.1991356201105,9351,6.0,78.16,81.57,3.4099999999999966,18124
14522,Mittelsachsen,7.847655624899985,1441.0,62660,91328,82868,122707.0,12253.0,147.63835336811067,85491,7.0,77.66,80.45,2.7900000000000063,18604
14523,Vogtlandkreis,7.48973389922434,1698.0,43377,68349,65730,86958.0,8524.0,164.4822361620481,7359,6.0,77.68,81.39,3.7099999999999937,18566
14524,Zwickau,7.681783726820611,2065.0,63196,94462,89903,125354.0,11787.0,341.6902683751145,15714,6.0,77.81,82.34,4.530000000000001,18656
14612,Dresden,11.441180526823887,3685.0,171148,129314,117325,205436.0,22489.0,1655.5802484169508,188135,7.0,77.9,81.34,3.4399999999999977,17638
14625,Bautzen,8.218158309743268,1764.0,58372,92792,79256,119119.0,12945.0,127.8481382534647,36889,7.0,76.73,80.98,4.25,18623
14626,Görlitz,7.292307692307692,1939.0,47476,76634,72686,91670.0,14933.0,123.13987742846047,26143,7.0,78.08,81.62,3.5400000000000063,17483
14627,Meißen,8.138833162075322,1207.0,47666,73523,63510,93447.0,10365.0,168.6000866223472,50764,6.0,78.19,82.51,4.320000000000007,19013
14628,Sächsische Schweiz-Osterzgebirge,8.18877014857808,1293.0,48603,72521,64428,95468.0,9383.0,149.5677616704349,19370,6.0,78.75,81.89,3.1400000000000006,18735
14713,Leipzig,11.772220556959136,4004.0,183743,135153,116927,203027.0,27270.0,1882.0416386836803,42225,7.0,79.34,82.84,3.5,16542
14729,Leipzig,7.600383889043683,1124.0,48876,81115,64944,100718.0,9982.0,156.47908731432307,36404,4.0,78.06,78.26,0.20000000000000284,19319
14730,Nordsachsen,7.697173654512791,1430.0,38919,62475,48147,78269.0,10061.0,97.41818755484564,34213,7.0,77.72,82.09,4.3700000000000045,18348
15001,Dessau-Roßlau,7.115377657714155,947.0,16144,23798,24801,29814.0,4612.0,338.8044455340361,3745,3.0,74.33,79.53,5.200000000000003,18199
15002,Halle (Saale),9.329468207653456,2969.0,67401,58823,55880,80094.0,13146.0,1755.2288549844466,22425,6.0,78.59,82.12,3.530000000000001,16411
15003,Magdeburg,9.324503760770057,2337.0,65960,60772,56206,85694.0,13453.0,1172.7512437810944,14962,6.0,77.62,81.31,3.6899999999999977,16912
15081,Altmarkkreis Salzwedel,8.344552249199202,430.0,17529,27852,19536,35860.0,3941.0,37.576154030657854,2932,1.0,78.35,81.61,3.260000000000005,18380
15082,Anhalt-Bitterfeld,7.347543032575523,890.0,32174,51345,43056,62515.0,8783.0,113.39084848609936,9957,3.0,78.06,81.02,2.9599999999999937,17723
15083,Börde,8.09924310987877,641.0,35815,56709,38279,73265.0,7252.0,73.29896689413306,12199,3.0,77.31,80.22,2.9099999999999966,18917
15084,Burgenlandkreis,7.643374384102651,1076.0,36000,56822,48885,69295.0,9725.0,130.21313017705438,6552,2.0,78.02,81.82,3.799999999999997,17761
15085,Harz,7.110396357164154,1642.0,43453,67296,58042,83813.0,8988.0,105.18598065116987,11113,5.0,78.08,81.46,3.3799999999999955,17869
15086,Jerichower Land,7.623264589445214,756.0,17791,29725,22157,35478.0,4717.0,58.14947521958335,4144,4.0,76.91,80.8,3.8900000000000006,19313
15087,Mansfeld-Südharz,6.661575016972165,780.0,26003,43602,39086,50102.0,9398.0,97.60083929212335,2167,1.0,76.88,81.34,4.460000000000008,17363
15088,Saalekreis,7.364655019819665,649.0,37121,58933,44991,75563.0,9314.0,130.03759582051657,20406,1.0,78.04,81.85,3.809999999999988,18673
15089,Salzlandkreis,7.056610488319479,1464.0,38166,60757,51976,71281.0,11463.0,137.86420696277503,4809,6.0,77.07,80.28,3.210000000000008,17237
15090,Stendal,7.148930263226389,1034.0,22817,37035,27287,41582.0,7178.0,47.56720618701355,4182,4.0,78.11,82.21,4.099999999999994,17287
15091,Wittenberg,6.804362888973662,621.0,23758,40413,34440,49820.0,6882.0,66.5425063461638,4956,3.0,78.34,82.2,3.8599999999999994,18129
16051,Erfurt,9.823051808983523,1664.0,58660,56740,45160,76674.0,8605.0,778.4743062502315,23275,2.0,77.81,81.21,3.3999999999999915,17244
16052,Gera,7.415816937642562,963.0,20039,27180,26114,33807.0,5324.0,630.862737367764,4639,1.0,77.98,81.7,3.719999999999999,17971
16053,Jena,10.152747724305422,1445.0,37755,24877,22566,38531.0,3760.0,954.4004879749041,14736,1.0,78.38,82.48,4.1000000000000085,16920
16054,Suhl,6.634401000598183,597.0,6869,10483,10701,13431.0,1317.0,356.963991070562,1357,1.0,,,,20058
16055,Weimar,9.433815159595204,555.0,17621,16791,14142,21501.0,2583.0,759.1264204545454,5440,1.0,,,,17227
16056,Eisenach,9.005823136949807,404.0,9776,12256,10741,16205.0,1739.0,407.1901699145627,2458,1.0,,,,17742
16061,Eichsfeld,9.27707870713052,445.0,22579,30162,22319,41956.0,2907.0,107.44165332371934,7747,1.0,,,,18177
16062,Nordhausen,8.470505535703825,1014.0,18205,25343,21414,32019.0,3947.0,119.55988850135172,1821,4.0,,,,17128
16063,Wartburgkreis,8.2129640682822,523.0,25868,39498,29764,53702.0,3909.0,96.10839586058144,4699,3.0,,,,18557
16064,Unstrut-Hainich-Kreis,8.615694432570555,1212.0,22025,32040,24517,40610.0,5510.0,107.4554195714971,3270,4.0,,,,17480
16065,Kyffhäuserkreis,7.22344702373233,517.0,15033,23984,19595,28712.0,4360.0,74.29496382082878,917,1.0,,,,16941
16066,Schmalkalden-Meiningen,7.614966739686896,856.0,26071,38608,30839,51079.0,3639.0,102.93211533537618,4736,3.0,,,,18557
16067,Gotha,8.068347085090368,528.0,29009,41858,32468,54639.0,5097.0,146.17447226732756,5418,2.0,,,,17743
16068,Sömmerda,7.960339943342776,0.0,14375,22392,15823,28949.0,3121.0,87.5018591046552,1384,0.0,,,,17858
16069,Hildburghausen,8.275990329179841,563.0,13787,20302,14969,28686.0,1774.0,68.75812535964707,1693,2.0,,,,18646
16070,Ilm-Kreis,8.365261813537675,577.0,24929,32058,26796,41712.0,4274.0,129.9261594623745,6280,2.0,,,,17719
16071,Weimarer Land,7.987628916190777,1114.0,16631,26186,18161,33485.0,2771.0,102.08706245027844,6772,3.0,,,,18190
16072,Sonneberg,6.828821852229927,381.0,11061,17710,14994,23781.0,1286.0,131.03480085791378,1267,1.0,,,,18939
16073,Saalfeld-Rudolstadt,7.522099599187393,990.0,20650,33462,29755,43311.0,4449.0,105.47764060886269,6093,3.0,,,,18322
16074,Saale-Holzland-Kreis,8.04093567251462,664.0,17508,26494,20257,34196.0,2890.0,105.71481140754369,7882,3.0,,,,18486
16075,Saale-Orla-Kreis,7.667177008113224,120.0,16217,25832,20733,34416.0,2963.0,72.04985668374881,2727,1.0,,,,18299
16076,Greiz,7.536048420594577,439.0,17858,31617,27400,38352.0,3986.0,119.52292016359725,2103,2.0,,,,18683
16077,Altenburger Land,6.854803777180975,606.0,16374,28212,26304,34050.0,5004.0,162.17488277339703,1413,2.0,,,,17699
